[
    {
        "id": 1,
        "acc_id": "adobe1",
        "adobe_email": "fazal_0054@notlettersmail.com",
        "adobe_password": "MfnfjayRTrg:39520",
        "imap_server": "notletters.ru",
        "imap_email": "fazal_0054@notlettersmail.com",
        "imap_password": "FqjsjgGQn119((="
    },
    {
        "id": 2,
        "acc_id": "adobe2",
        "adobe_email": "suleiman1974@nolettersbox.com",
        "adobe_password": "WEer3df232",
        "imap_server": "imap.notletters.ru",
        "imap_email": "suleiman1974@nolettersbox.com",
        "imap_password": "Bih22Hl847@*-"
    },
    {
        "id": 5,
        "acc_id": "adobe3",
        "adobe_email": "hooper003658@belettersmail.com",
        "adobe_password": "gtaregER5GA343",
        "imap_server": "imap.notletters.ru",
        "imap_email": "hooper003658@belettersmail.com",
        "imap_password": "gK22GNU651?#*"
    },
    {
        "id": 4,
        "acc_id": "adobe4",
        "adobe_email": "denman57075@lettersboxmail.com",
        "adobe_password": "sgEDVCweVC43r32r3",
        "imap_server": "imap.notletters.ru",
        "imap_email": "denman57075@lettersboxmail.com",
        "imap_password": "SWACsF#43f324"
    },
    {
        "id": 6,
        "acc_id": "adobe5",
        "adobe_email": "eko642772@nolettersbox.com",
        "adobe_password": "AR34DER3WDsds",
        "imap_server": "imap.notletters.ru",
        "imap_email": "eko642772@nolettersbox.com",
        "imap_password": "flsN222w537&_="
    },
    {
        "id": 7,
        "acc_id": "adobe6",
        "adobe_email": "nestore2007@lettersboxmail.com",
        "adobe_password": "3434Ssbq34821+?^",
        "imap_server": "imap.notletters.ru",
        "imap_email": "nestore2007@lettersboxmail.com",
        "imap_password": "QNSsbq34821+?^"
    },
    {
        "id": 8,
        "acc_id": "adobe7",
        "adobe_email": "wilkie82386@lettersboxmail.com",
        "adobe_password": "34kn343U061^@-",
        "imap_server": "imap.notletters.ru",
        "imap_email": "wilkie82386@lettersboxmail.com",
        "imap_password": "rikn343U061^@-"
    },
    {
        "id": 9,
        "acc_id": "adobe8",
        "adobe_email": "amir713329@nolettersbox.com",
        "adobe_password": "sO4443463@)@",
        "imap_server": "imap.notletters.ru",
        "imap_email": "amir713329@nolettersbox.com",
        "imap_password": "ILdsO4443463@)@"
    },
    {
        "id": 10,
        "acc_id": "adobe9",
        "adobe_email": "townsend21742@belettersmail.com",
        "adobe_password": "t1W32243ZtS007((_",
        "imap_server": "imap.notletters.ru",
        "imap_email": "townsend21742@belettersmail.com",
        "imap_password": "tW343ZtS007((_"
    }
]