[
    {
        "key": "4ce2ce3c-4416-467a-afe1-bbeb1c68129b",
        "activated_at": "2025-07-02T08:30:31.701783",
        "duration_days": 1,
        "user_id": 7787373682,
        "user_name": "Раоалув",
        "pool": "adobe1",
        "account_id": "adobe1"
    },
    {
        "key": "6060ab24-05fc-4d9a-b209-6b15644bbcad",
        "activated_at": "2025-07-02T08:30:35.208314",
        "duration_days": 1,
        "user_id": 7787373682,
        "user_name": "Раоалув",
        "pool": "adobe1",
        "account_id": "adobe1"
    },
    {
        "key": "642c1f8d-7e43-448e-8103-d3047642320e",
        "activated_at": "2025-07-02T08:32:01.116716",
        "duration_days": 1,
        "user_id": 5109203667,
        "user_name": "КАРЬЕР",
        "pool": "adobe1",
        "account_id": "adobe1"
    },
    {
        "key": "c8707c42-e9d7-45e8-9c80-f69355aeaa24",
        "activated_at": "2025-07-02T08:42:52.475602",
        "duration_days": 1,
        "user_id": 7787373682,
        "user_name": "Раоалув",
        "pool": "adobe1",
        "account_id": "adobe1"
    },
    {
        "key": "20ac2013-f9f6-4982-abd5-33f9ed1adad8",
        "activated_at": "2025-07-02T08:52:16.275830",
        "duration_days": 1,
        "user_id": 7787373682,
        "user_name": "Раоалув",
        "pool": "adobe1",
        "account_id": "adobe1"
    },
    {
        "key": "92a69c9c-3734-4f24-8171-58d4794386f2",
        "activated_at": "2025-07-03T00:54:20.388646",
        "duration_days": 1,
        "user_id": 7787373682,
        "user_name": "Раоалув",
        "pool": "adobe1",
        "account_id": "adobe1"
    },
    {
        "key": "e9476489-c6c6-4aa0-961c-6974df90e22c",
        "activated_at": "2025-07-10T09:17:08.982611",
        "duration_days": 1,
        "user_id": 7787373682,
        "user_name": "Раоалув",
        "pool": "adobe",
        "account_id": "adobe1"
    },
    {
        "key": "d6c7fb63-0fac-455b-b58d-dc6e8da2faf2",
        "activated_at": "2025-07-10T09:30:05.515213",
        "duration_days": 1,
        "user_id": 7787373682,
        "user_name": "Раоалув",
        "pool": "adobe",
        "account_id": "adobe1"
    },
    {
        "key": "c73b6181-fbd1-4065-a472-1e7601ad3ae3",
        "activated_at": "2025-07-10T15:26:39.508718",
        "duration_days": 8,
        "user_id": 1707434331,
        "user_name": "User",
        "pool": "adobe",
        "account_id": "adobe1"
    },
    {
        "key": "840c1d68-33fa-4294-a3c0-7fb96d79a3e2",
        "activated_at": "2025-07-10T16:01:52.978860",
        "duration_days": 1,
        "user_id": 7787373682,
        "user_name": "Раоалув",
        "pool": "adobe",
        "account_id": "adobe1"
    },
    {
        "key": "3f624bec-3038-40ff-a51a-3ada4f030d97",
        "activated_at": "2025-07-10T16:30:33.450516",
        "duration_days": 1,
        "user_id": 7787373682,
        "user_name": "Раоалув",
        "pool": "adobe",
        "account_id": "adobe1"
    },
    {
        "key": "9a127ad2-8db7-4ade-a184-fd18b1f73447",
        "activated_at": "2025-07-10T17:45:16.898637",
        "duration_days": 1,
        "user_id": 7787373682,
        "user_name": "Раоалув",
        "pool": "adobe",
        "account_id": "adobe1"
    },
    {
        "key": "1ee4c4fa-f49c-46d7-8019-4bbaa7a6af5e",
        "activated_at": "2025-07-10T18:52:29.515762",
        "duration_days": 1,
        "user_id": 7787373682,
        "user_name": "Раоалув",
        "pool": "adobe",
        "account_id": "adobe1"
    },
    {
        "key": "0a81bd30-51dd-4ad0-acc9-b5f10e72ad7e",
        "activated_at": "2025-07-10T19:30:37.626918",
        "duration_days": 1,
        "user_id": 7787373682,
        "user_name": "Раоалув",
        "pool": "adobe",
        "account_id": "adobe1"
    },
    {
        "key": "88373016-5a92-45f2-a1d3-85b4187a4aaf",
        "activated_at": "2025-07-10T20:08:37.588463",
        "duration_days": 1,
        "user_id": 7787373682,
        "user_name": "Раоалув",
        "pool": "adobe",
        "account_id": "adobe1"
    },
    {
        "key": "47bfadfe-2f18-4693-947b-952e57a3d5cb",
        "activated_at": "2025-07-10T22:11:32.135263",
        "duration_days": 8,
        "user_id": 7350069,
        "user_name": "PETRUCHHO",
        "pool": "adobe",
        "account_id": "adobe1"
    },
    {
        "key": "25237f1a-2ec7-42af-9ba1-0d3d15ddd71f",
        "activated_at": "2025-07-10T23:29:40.890855",
        "duration_days": 1,
        "user_id": 7787373682,
        "user_name": "Раоалув",
        "pool": "adobe",
        "account_id": "adobe2"
    },
    {
        "key": "6608173e-5448-4503-bb59-7c9b69db8503",
        "activated_at": "2025-07-11T12:22:06.551511",
        "duration_days": 7,
        "user_id": 325843853,
        "user_name": "Vladimir Sergeyev",
        "pool": "adobe",
        "account_id": "adobe2"
    },
    {
        "key": "82852b2c-3640-486b-994f-f0f7f9e4edc9",
        "activated_at": "2025-07-11T20:03:15.953096",
        "duration_days": 1,
        "user_id": 7787373682,
        "user_name": "Раоалув",
        "pool": "adobe",
        "account_id": "adobe2"
    },
    {
        "key": "07c1828f-9a4d-4f9a-857a-cc247407b958",
        "activated_at": "2025-07-11T20:07:07.268558",
        "duration_days": 1,
        "user_id": 7787373682,
        "user_name": "Раоалув",
        "pool": "adobe",
        "account_id": "adobe2"
    },
    {
        "key": "67d63322-ac34-4ef7-b2ab-a859cfdbbc09",
        "activated_at": "2025-07-11T21:01:43.180996",
        "duration_days": 7,
        "user_id": 854380781,
        "user_name": "K 106",
        "pool": "adobe",
        "account_id": "adobe2"
    },
    {
        "key": "d793f0fb-2bca-4d29-bbaf-2475480e46a4",
        "activated_at": "2025-07-12T21:36:00.560694",
        "duration_days": 8,
        "user_id": 5279568783,
        "user_name": "Azure",
        "pool": "adobe",
        "account_id": "adobe3"
    },
    {
        "key": "f436246a-a38a-40f7-8d3b-f4fca1ddcf9b",
        "activated_at": "2025-07-13T15:09:41.471147",
        "duration_days": 7,
        "user_id": 8154973303,
        "user_name": "Factrys",
        "pool": "adobe",
        "account_id": "adobe3"
    },
    {
        "key": "76b4172c-c222-4ad9-a6c5-3d154c560f2f",
        "activated_at": "2025-07-14T19:10:28.229644",
        "duration_days": 8,
        "user_id": 528285035,
        "user_name": "Danda",
        "pool": "adobe",
        "account_id": "adobe4"
    },
    {
        "key": "35dbe5ac-8a14-4221-9c09-d0da376c1cb0",
        "activated_at": "2025-07-14T20:53:24.899664",
        "duration_days": 30,
        "user_id": 738480773,
        "user_name": "Рома Персонаж",
        "pool": "adobe",
        "account_id": "adobe4"
    },
    {
        "key": "13709c27-0dc4-42d4-b3bd-40553a349713",
        "activated_at": "2025-07-15T00:23:13.225454",
        "duration_days": 7,
        "user_id": 5279568783,
        "user_name": "Azure",
        "pool": "adobe",
        "account_id": "adobe3"
    },
    {
        "key": "a0b97a49-402e-442a-9006-000582a7f369",
        "activated_at": "2025-07-15T06:58:00.361616",
        "duration_days": 7,
        "user_id": 7103918403,
        "user_name": "Семён",
        "pool": "adobe",
        "account_id": "adobe3"
    },
    {
        "key": "8ae3a08e-bc1e-48e1-a37b-f3692f362708",
        "activated_at": "2025-07-15T17:42:57.888375",
        "duration_days": 8,
        "user_id": 440762357,
        "user_name": "Константин (Kedarnath)",
        "pool": "adobe",
        "account_id": "adobe5"
    },
    {
        "key": "40ad24c2-2cad-49a4-8dd0-5a9ec25d4d2e",
        "activated_at": "2025-07-16T06:32:20.942346",
        "duration_days": 8,
        "user_id": 887705223,
        "user_name": "Александр Новиков",
        "pool": "adobe",
        "account_id": "adobe6"
    },
    {
        "key": "b8f39f41-51e8-4911-8062-8437ddbb28ec",
        "activated_at": "2025-07-16T07:03:34.013088",
        "duration_days": 14,
        "user_id": 7406378277,
        "user_name": "Buryat YT",
        "pool": "adobe",
        "account_id": "adobe6"
    },
    {
        "key": "7a0c4a2c-4454-42f8-b4b4-daa6a37bebf3",
        "activated_at": "2025-07-16T07:08:56.333728",
        "duration_days": 8,
        "user_id": 454107520,
        "user_name": "Илья Красотин",
        "pool": "adobe",
        "account_id": "adobe7"
    },
    {
        "key": "2f81536b-5d64-4de5-b459-460095986d42",
        "activated_at": "2025-07-16T08:34:46.734709",
        "duration_days": 8,
        "user_id": 1543768744,
        "user_name": "Abram",
        "pool": "adobe",
        "account_id": "adobe7"
    },
    {
        "key": "63f4e021-0878-4f4f-9c53-46f9b1c97751",
        "activated_at": "2025-07-18T06:23:00.692860",
        "duration_days": 4,
        "user_id": 131802479,
        "user_name": "MΣ$†ΛMN ΣKCПØNΛ†",
        "pool": "adobe",
        "account_id": "adobe8"
    },
    {
        "key": "979c1823-060f-4251-9f56-f9d1d9fa6494",
        "activated_at": "2025-07-18T20:50:37.813986",
        "duration_days": 7,
        "user_id": 7900321429,
        "user_name": "БАЛУ",
        "pool": "adobe",
        "account_id": "adobe1"
    },
    {
        "key": "76f7cf1a-a009-4149-b5ee-c10bd0b4c912",
        "activated_at": "2025-07-19T12:11:20.121615",
        "duration_days": 30,
        "user_id": 7442540366,
        "user_name": "𝕯𝖆𝖗𝖐 𝕬𝖓𝖌𝖊𝖑",
        "pool": "adobe",
        "account_id": "adobe1"
    }
]